-0.0318149630240454,0.010010773058411053,0.0291829263832948,0.008605279459558168,0.02384581151830463,0.07794434967584069,0.08254330792280616,0.04610835830346479,0.0625857741162064,0.06878344361197083,0.1140013810010939,0.07629356750686078,0.05315868312027741,0.11602779211103124,0.1124368356413785,0.06343754331872721,0.11305267624204002,0.07137288608408798,0.06573227034672904,0.07934119824846461,0.06016922123964659,0.10973194946627948,0.12030138462713966,0.11747759614081923,0.08568557439615282,0.09642732675029138,0.10144092663588304,0.1208122128308776,0.12523185481594368,0.1161808207215643,0.08555413150481439,0.08715193662912417,0.06998133622215001,0.06703186928709536,0.11009957230728165,0.059500735704155164,0.07201636077951225,0.0655644167951194,0.03903943693430427,-0.0033436725522138153,0.028373134267780483,0.03294376179165769,0.013912569747259997,-0.0015408134154959972,0.03305523461032509,-0.0028823688241637474,0.0266103104908834,0.03284880900359203,0.07278951782320922,0.06640276862534572,0.02573672718529603,0.058460678909114855,0.16899358765254802,0.20170506976102642,0.2537616820560284,0.33266116430441994,0.4627819271529087,0.5727896809412703,0.7135040244675367,0.9143483844664778,1.0809086523640608,1.112622877771557,1.0421971271215809,0.9200590664871218,0.6391922178965584,0.43545902291425126,0.21559215573243856,0.05366629300971388,0.018649924127100797,-0.07639329377693448,-0.08242087272262996,-0.0519731640159807,-0.07383745105997074,-0.09363231883979045,-0.11214608496156064,-0.07705667071576636,-0.0914736308699901,-0.12172699302032208,-0.11478483370630327,-0.09420632904898334,-0.09961466548090532,-0.08571922769996462,-0.09720286459816237,-0.07638570718572033,-0.11953249211995495,-0.03140820982843539,-0.06603000057079542,-0.045779394846331756,-0.03913087887420261,0.0018819001589824406,-0.04443846988876975,0.007123414153154789,0.016156031558311395,-0.004115947336793474,0.013097218174159847,0.06801808432403778,0.02493551269094723,0.032102552946419866,0.03094588125779749,0.02814318088880268,0.04693314210245563,0.0725070542419206,0.040071452239359956,0.09670996718588565,0.08430291401153603,0.06213084842485916,0.0890230112414914,0.06696925001236281,0.10008085614761018,0.08523573583780678,0.07447330292264248,0.13630860983368845,0.08939835865224595,0.1202012790854135,0.12260036867163075,0.13499090590125332,0.09167630638656904,0.10954424079358902,0.11904742795585448,0.09493934173674815,0.11040257385507157,0.1252299077818563,0.0717802908043369,0.10984296434555005,0.050486392271749704,0.06676402938740147,0.08715023672707037,0.08694278961624133,0.10856406910606478,0.06600404526569292,0.04890658500688231,0.03532906957698703,0.03126933094085077,0.05072440583020598,0.010030995856033797,0.046998341560528914,0.015357804709377604,0.04758595770588002,0.012496792332464379,0.030394342626437202,0.03549855020812271,-0.01691850774120902,-0.01678377289318404,-0.04394136079856177,-0.009725330805668918,-0.02489262473432321,-0.049759067919966364,-0.0972960180371378,-0.060979375905815425,-0.05370328594096959,-0.07846142962707763,-0.04133789185123136,-0.11125421400429192,-0.06770171145446735,-0.07001946702386679,-0.10700342223444645,-0.04283752154217393,-0.13447328627542748,-0.10689851246123849,-0.1118973664951028,-0.11192803354241618,-0.08147870891028237,-0.09596673078416376,-0.09648143147537906,-0.10607356394490726,-0.11128120750237422,-0.126861444552209,-0.09380799216772243,-0.09258282277343026,-0.12329108281882897,-0.1036130569492235,-0.08465761889790664,-0.08257754892188403,-0.1064063002790232,-0.024595931015047576,-0.08432321260768583,-0.04730259593091733,-0.07376707391981543,-0.07255382276105928,-0.06443512358747233,-0.045941151429025,-0.011494833940277092,-0.028921608524742147,-0.037948414817366535,-0.03862795286312764,0.012243791746470957,-8.9227964764078e-05
0.00621460101445947,0.02130417965659215,0.007619218913158727,0.017865376540703862,0.05663008966975207,0.038247693904671996,0.02792275926503495,0.013294928005344306,0.044839812929021304,0.05389487747729563,0.05447859572933757,0.092164592885486,0.08846693037884863,0.07542575662094148,0.09251564328556058,0.06893503457276687,0.08079034665878898,0.06765474562224108,0.1078149841700641,0.07189568603477985,0.10144172655499324,0.109674714908304,0.13256166062382296,0.07704941026009748,0.13241797133217714,0.10131685860517485,0.11279005591045974,0.0716388153554082,0.10861710782680055,0.1325669263077695,0.09609270335017449,0.07315089502213887,0.08043875872181638,0.0950304743450604,0.07875606586061566,0.04319096140374549,0.034458560004383354,0.06870451870756297,0.07637511379484138,0.04146275871403019,0.05143577260849599,0.0058662633079343725,0.06482619421822275,0.025370333706319588,0.05202218613213092,0.001025266669937453,-0.024618258069121615,0.008607436711295793,0.03992995264178953,0.055953547342758925,0.09625259352069704,0.09592921429710864,0.1508741799455915,0.17548829232299548,0.23513382466952312,0.3021189257615896,0.4185187652863208,0.5860094876906655,0.7544265810523133,0.9196731332508725,1.0552078686610828,1.1197120888246481,1.020305506532465,0.8714870690555601,0.6666064638098425,0.4462026082596782,0.2240568143402623,0.08723434998122846,-0.048505065795824906,-0.06617911007397541,-0.08675170210271656,-0.09206584557246311,-0.13325869481246544,-0.08039423293694109,-0.13113652939168252,-0.06271001598351586,-0.08430284972402666,-0.06306354181283293,-0.0922002901249654,-0.07257119112926794,-0.10772888281474531,-0.06427116178075015,-0.08327297645151385,-0.08325898352437319,-0.07059021487535515,-0.054389297796479226,-0.07175363035795691,-0.055907318355854836,-0.0637320459294317,-0.027256630713381316,-0.045366813683275165,-0.02426042803363382,0.02465697599678675,0.02630565127823109,0.03509234535798228,0.024764985921640337,0.011572027515442411,0.04630308439849686,0.04853727808078906,0.03448144102297391,0.0559398131583237,0.0465292395428985,0.03872725968563996,0.07385613284954844,0.09129486052648003,0.07914429160543812,0.090397284250177,0.09668464120282232,0.1039201535095401,0.09664908868541566,0.12412874339324723,0.093133388209785,0.0973679293119687,0.07503170323970232,0.11303233317321278,0.08762486368749531,0.09723432802112363,0.09397091156210725,0.09693604919341114,0.09690132850400415,0.08158626550882106,0.0706262015694587,0.07895988722422467,0.09748966266794071,0.08334457084387215,0.10120688994303265,0.09447047568773172,0.10613380326183441,0.046852131969543666,0.04924322840681432,0.09958280725443136,0.0313929354631691,0.07105959804910822,-0.02254133619144913,0.026690809870353188,0.026229711365024694,0.02301502431520213,-0.015489871439711474,0.03041566770648354,0.023573280943215997,0.022324446233361873,-0.02064900866535107,-0.024641142812484584,-0.034821068456116926,-0.037441493497902316,-0.0005052323297903838,-0.01661514524774947,-0.047647176012712796,-0.056481880348216815,-0.04220354894967453,-0.08169615727540724,-0.10359750492295094,-0.07141775084518999,-0.06750372680680392,-0.085831599128808,-0.09033828045593575,-0.07429730833317236,-0.08099610482250523,-0.10962175419262071,-0.1113092879274152,-0.08573338275258788,-0.08227302690528572,-0.11071555425510689,-0.10085617489718983,-0.06034581681497276,-0.11740471114165665,-0.10131006933320193,-0.08096838267214371,-0.0768598604061935,-0.09739509763281419,-0.10645890818551007,-0.055853108727627,-0.09265693959404402,-0.05015566166505721,-0.0542491639238195,-0.05245648851889037,-0.047477364827007006,-0.056604176796514256,-0.07266121305522909,-0.07789770953028655,-0.015604831462160795,-0.06038542783460521,-0.015413308331986595,-0.018310620749127926,0.0025315847414864746,-0.011098295706966514,-0.0016461392238806456
-0.0015921014641862067,0.01622644447538874,-0.015622617527926937,0.04404330330532724,0.02944206550482586,0.06387727338542257,0.009802667672518882,0.0839817420801719,0.050624580691615954,0.05481056502805005,0.04656430371227714,0.05470416035499581,0.04686575459997659,0.08071172510385813,0.06767965882883495,0.07037713939633608,0.097717628787518,0.09066526445796977,0.053111963762747766,0.09810290178493128,0.14236710597188806,0.11127786928277243,0.1287363535998666,0.11589281188961414,0.10611236668569138,0.09881837575997703,0.09019738346207232,0.05183646884936494,0.09039729986005418,0.07318214969924042,0.10602833582401897,0.0769181009227663,0.09090036549585291,0.10007351322544362,0.07152052317090923,0.03225228398375983,0.060619178706941945,0.055259208405901955,0.07944455996977563,0.028326647880163924,0.05496137530709341,0.002395265474398882,0.046599318641972934,0.0640221245186478,0.02200447302915286,0.01559773170144885,0.018838093502322382,0.02221671132369507,0.05994341625310248,0.08953374081073558,0.06367263751060426,0.09042460542627791,0.13816036294330217,0.16573152332625465,0.251248398052887,0.3234085663131727,0.43021254820986915,0.5774443400778659,0.7451715412421107,0.9090388906801762,1.0963027286498457,1.1200247531741943,1.0440793531152326,0.888024311197011,0.6739417867189363,0.43755135340459617,0.210847306844605,0.09548441125853929,0.02340273178371399,-0.06311511415632495,-0.046916004396190335,-0.08793993619606574,-0.07879804130462363,-0.0801279825227407,-0.09905467671726467,-0.09038266164722414,-0.09917189651861658,-0.10993628536527622,-0.08530123207558767,-0.06471494264047155,-0.07907987224789786,-0.07121806736754557,-0.06057461778878639,-0.05123188530055457,-0.060522884048236386,-0.07266699884564079,-0.04138809398181906,-0.05928108995258268,-0.007497079443166653,-0.02910684212593372,-0.03023179379977267,-0.025470634850579273,-0.011882880832199927,-0.00970713084725051,-0.010301199046240614,-0.02382045376282624,0.02068528822770817,0.04379632396087593,0.032508973929383886,0.016905013252253718,0.006144249232001263,0.054299880095663396,0.024321368189751988,0.07889597077232109,0.08077917019818731,0.06484032037832901,0.08204354623351902,0.029607695468047132,0.11460992424646156,0.11785799023960733,0.11827796875918031,0.10552733577526874,0.11397457466243013,0.08428996931544118,0.11830275266966477,0.10170403086816097,0.11971189935544546,0.09580085828268675,0.11674211308862684,0.09661051858842645,0.09747307355329901,0.0881493169931939,0.07330464535290138,0.07555823894496923,0.09943112413639711,0.07487481959944688,0.09381859477657359,0.05744760982541977,0.06352052838214632,0.06232772584488681,0.06124850443217063,0.07461398933433763,0.049627378760839155,0.044842264283469394,0.04896379335811736,0.007798095472258633,0.034749589664101396,0.024189741173361194,0.02462676099907935,0.025638012595790363,-0.018560041484766872,-0.03144596718579412,-0.07079408397055695,-0.03790790114977179,-0.009254852035038764,-0.06269292876457205,-0.030136447367491177,-0.0586754135256166,-0.052307290037670394,-0.057720606482476663,-0.06327488950835308,-0.07266831945626916,-0.07125155234085691,-0.04753553958458119,-0.06400158132480818,-0.07930119517143008,-0.09238681489723244,-0.10337063890194596,-0.10911130918387363,-0.1250880893470765,-0.0955516944923291,-0.10585310284886915,-0.10304485246194056,-0.09269826581525158,-0.09670168894068354,-0.12195182356357727,-0.08878976271649433,-0.13046448449395187,-0.07677424109330569,-0.09530117130962079,-0.09435552319875369,-0.10489589647207002,-0.09245941343399695,-0.06794301239158848,-0.0384835600445438,-0.060850268487028306,-0.04406030241643494,-0.05608614415384172,-0.08336148221991324,-0.05272730570293381,-0.019834387545250853,-0.04534918176170148,-0.016387810428636292,-0.004464760023532063,-0.013837101526612383,-0.029310143057921026,-0.006295530692518556
0.004230624133954675,0.02751474212056468,0.012160568317264702,0.01970772840572864,0.005124217373553886,0.03618935126621024,0.03659497744666358,0.04896291982302176,0.023124072973577752,0.0854574200453969,0.028510343683031104,0.07399289358209035,0.05902173236631765,0.06724647962104029,0.07329563148619654,0.07146958683037101,0.05528791751600329,0.11039573601260846,0.05849312376824186,0.09390066735182728,0.09398672751264436,0.127712887556549,0.0614668995669196,0.06539751310485045,0.05755271427203448,0.12552192391871994,0.09347816582215378,0.10974162266274311,0.0899737151299096,0.09930171540182658,0.0817488700869695,0.07819107456088883,0.09030925679301682,0.09147988202750162,0.0800496146449899,0.06865194290534772,0.06721089390839513,0.0658595117025075,0.03890886413880777,0.024535019792177006,0.06597282863598299,0.031527986459415965,0.0029708509875412403,0.049675731238106424,0.029263086032958345,0.016224367587709763,0.03818660091620578,0.022677832301934358,0.025262252338887674,0.050486855442517464,0.09421874277571864,0.1311558578127952,0.11416995591245005,0.19620435566559552,0.2888599844067925,0.3387304187270813,0.4497359642047221,0.5763716237116439,0.7332403291925359,0.9332725835471058,1.077050904934773,1.110368473114899,1.045298540244449,0.8596077950818934,0.6632810603789767,0.46419688167936995,0.24421982807628106,0.1010840669093196,-0.000698803681646197,-0.07617726888999005,-0.043904122628991356,-0.10826285274592237,-0.1266488357535947,-0.10578548407962908,-0.1272244057956534,-0.09785856705218034,-0.1356327680346166,-0.08337771471158577,-0.06181901731801151,-0.08594082826838649,-0.0627755424727894,-0.08198828508702088,-0.05813543141910637,-0.06417796036917577,-0.050242481360018326,-0.07776484558355722,-0.03769571055540975,-0.06737595318285794,-0.02442422631861753,-0.025381317639342305,-0.043539890226990854,-0.031545695360790126,0.015854971879161413,-0.018511843246282435,0.002632092673275099,0.017957735667531848,-0.021390372323053308,0.013001267273271607,0.0433858716748519,0.02723679762059187,0.05855693944543001,0.03890512643828921,0.06753774487442674,0.07369557869311634,0.07394910852819384,0.08313945057198445,0.057337255556811226,0.03347150637680541,0.09859031297711551,0.10904882464661257,0.11278428622033058,0.07020532230984516,0.06687959618552747,0.11172168814170934,0.1119376381170611,0.1093993114210758,0.1195465425549743,0.09183972294519104,0.08517653425248331,0.09315866429892981,0.10234906357874426,0.0779331156092149,0.11533613176999646,0.08327847476367484,0.08013228357648791,0.03157696358358474,0.08947011646670132,0.06705091384200856,0.04298706274372627,0.12962748976260793,0.06651032097331966,0.04515624578942653,0.061634649816253786,0.030812158623648916,0.004406115405040996,0.04219600838036932,0.05885794904739808,0.01445936621234099,-0.004212960412657469,0.01801179437992576,-0.006070141209729998,0.016666353936582615,-0.000267861440848359,-0.044029504377053885,-0.04484091799133179,-0.026818172986470018,-0.015314216488185824,-0.05521435304652513,-0.04077419015012598,-0.07691738072463342,-0.11303451146635815,-0.02018762442728008,-0.034086790592370804,-0.06350196962253438,-0.08584304117815227,-0.07850072899632266,-0.10902861687425178,-0.060521644495580854,-0.09897661163497086,-0.10821537827333133,-0.07811828823402564,-0.11323907018487038,-0.07603141064566142,-0.09039777945345202,-0.10266503140142662,-0.09078509081702062,-0.1065974462309735,-0.09650941363051674,-0.06652131345771306,-0.09884239335148406,-0.0792495566987003,-0.08562736015480714,-0.06772678942031211,-0.07499970694594253,-0.08448006615915199,-0.08568421217282371,-0.08884049253177659,-0.062272620885093596,-0.09418470357775792,-0.07244007305322886,-0.0035244410561619463,-0.08568382346135098,-0.0414536704331504,-0.030567625841245998,0.017579466455358392,-0.036792647124968554,0.006174736782709525
-0.00836076579482054,0.00603091219888738,0.006139860369539726,-0.0016310556084134856,0.043670247616871063,0.04492664552274893,0.049572760307203034,0.05008524303947369,0.06585646440691816,0.04906896295331179,0.06527163768203699,0.08204265752176453,0.0977117104155037,0.06623163161696016,0.043511442867732585,0.07771363824466984,0.08231044943290335,0.07175557051641687,0.11388493583777887,0.06759974941612705,0.10445872242041239,0.08357018302552917,0.06487964690057729,0.10735817180973868,0.12057296023665597,0.10630621730849012,0.051066774450425324,0.13652590449153598,0.07636604358235584,0.10025023721252613,0.08523189722029517,0.13487473189923208,0.08585900507829643,0.07127308715004621,0.039441162677314956,0.06542175603074142,0.011911938723999857,0.06518078929476025,0.07305650890340577,0.02268556332945998,0.043761079926148264,0.03661234032505637,0.051519345828521385,0.0003614317199687571,0.02403296874763705,0.02733288528607819,0.006653616636666963,0.06162486108461021,0.05216507996521231,0.07264623699268496,0.05966165988412808,0.10711524069593045,0.15731490277557741,0.1894415103631287,0.2426382363135432,0.2884520168715021,0.4287355689752517,0.592162655711364,0.7597047006195107,0.9298776321954647,1.0623941077835783,1.142007943067507,1.0789329668579046,0.913390970465754,0.6484952448103395,0.45023155882841825,0.2265594154597585,0.058446477455947554,0.0024128414204979886,-0.055204866766358385,-0.06731435414915683,-0.09167396763348232,-0.13607058080095757,-0.10474583507180407,-0.08999325469276077,-0.1570279476611115,-0.08358437662677232,-0.11393130670200873,-0.08047667300294445,-0.0771108052393506,-0.06795507149660197,-0.057564432785202464,-0.09379023722493826,-0.04197727326287339,-0.08222230611598302,-0.048614136501371245,-0.019638596439754723,-0.018519711889075797,-0.04796563223697745,-0.024741948044579458,-0.009802357851086681,-0.02848737177505834,-0.02520328636193191,-0.01136907545404113,0.011886920132819296,0.0014993086501738553,0.020333548480226164,-0.012194841583266797,0.05062871627190081,0.03771173394354374,0.0318077701431115,0.05258625993276752,0.04948508115349916,0.05164830854377637,0.05251518804976557,0.060307025813344683,0.09687349306460949,0.1055630475810122,0.07732427401265948,0.13621586519945852,0.07596810224729339,0.08143329134402003,0.10362039099733628,0.09666889178201865,0.10522105806179674,0.11822311520122596,0.08513277162743985,0.10778394836750532,0.09065733751135853,0.08817191119525138,0.08868041878179472,0.10603883803013066,0.11108627149001883,0.1043180638825934,0.06313875137425756,0.0830564962944986,0.11418363571178593,0.07796237180627659,0.07666205613040311,0.05709557410134085,0.07660438029903492,0.060876815148017044,0.04241240390280241,0.0064695559968154445,0.0024277398309652115,0.019390638851180513,0.054964208527890995,0.01150508970830369,0.030780520057520896,0.0032067300198295474,0.013952844479412103,-0.01808622562170624,0.006877282432146664,-0.021993906470058788,-0.034182466190106786,-0.0698611847650271,-0.01106884447318729,-0.06421730792825771,-0.08141457356901713,-0.03744829441161438,-0.042205212647528675,-0.0848163868947602,-0.0743873406611199,-0.07883624759220952,-0.0980431062597594,-0.1246946385297481,-0.09459602962996881,-0.11384238842877817,-0.08867913305427927,-0.10179538938812802,-0.09515103485516889,-0.09888094071500438,-0.10856976621704013,-0.09305360714152686,-0.11375184708326093,-0.08114546975684468,-0.10038559711017217,-0.10288873352794847,-0.1401614335171414,-0.10296999550317502,-0.07979783914987705,-0.10861653909499486,-0.07382460629381157,-0.10405131981374044,-0.05085347109236267,-0.05307560733398415,-0.07987838463119645,-0.07113646964870494,-0.06545461181454439,-0.021764079750484677,-0.06643080497383899,0.007321555229233966,-0.05462629226321919,-0.04782821497642305,-0.007216711201555795,-0.03379151048588329,-0.026642059029238312
0.0775963934739388,0.05556215262758449,0.14627200342329294,0.14027134659948717,0.17091900150787193,0.15247434894249062,0.040055026050777515,0.17286805840321,-0.09824997652978484,0.17523603655629721,0.0034609724727955177,0.22594464686705756,0.3386225064645362,-0.12067437732742257,0.26945424468245116,0.2913044071081416,0.16155375067980748,0.17050836162491745,0.013254569624534474,0.15521135971775799,0.34132701185711434,0.1727177314524774,0.2939065323773584,0.16094309060051565,0.10770030364572104,0.15484789880985728,0.5108259880865669,-0.27246332526284833,-0.13820157081792647,0.3215353502629524,0.15013871368433107,-0.018351248998177985,0.14385953843808766,0.02149480759158258,0.7031084807275442,0.13678392627001024,-0.04330611327769256,0.30237398253150133,0.22358660390790813,0.0593818927010889,-0.13716187341109198,-0.08566062069607258,0.23946949303427484,0.07032232126391516,-0.06029836603787481,-0.05316398728135275,0.005977667267084185,-0.04176185115919262,-0.0769624491693482,0.05702308686025512,-0.5927163249585614,0.7174569661249454,0.1889915428067584,0.24443935655529125,-0.1387544820814461,0.09301689602072755,-0.19569820815990718,0.010454891152547663,-0.1916353709209062,-0.19453255711325895,-0.035179632511399085,-0.2796501546258725,0.005845107742845371,-0.1542753958405508,-0.2416039413342717,-0.04458837928713636,-0.02151164681431343,-0.16851018904604703,0.14515118280433642,-0.07833360676221887,0.02763937113338652,-0.02697017594910822,-0.0890624749840772,-0.17530846086333085,-0.36375319426616887,0.13090781987689315,0.8762651723881887,-0.3419936910711532,-0.3750912603217091,-0.02532481502759494,0.14592813026807566,0.19761940662979383,-0.270934614125711,-0.14052531396195922,0.08795825929455205,-0.22091137252923163,0.04678180075581066,-0.1477649491794552,-0.06586039783276726,-0.07592367260790847,-0.028102935967809592,-0.16926444746754135,0.0018836424144596858,0.11268622023031308,-0.19025014099810253,-0.13729482489772293,0.0921642906701698,0.34757634528454334,0.09150161523958159,0.0003947647629157572,-0.09796891308740503,-0.009406218639189175,0.3314633950280852,0.10399527306364212,-0.022678453071546187,0.999497122032717,-0.1172511436393329,0.26194488128290466,0.025270391315894675,0.14870966249061618,9.143569757506798e-05,-0.02567128202023497,-0.009541993236765384,0.018174867293726887,0.33210086400366984,-0.15081639543058917,0.06636767646450087,0.02978588583437118,0.091921054480214,0.06581304859001558,-0.020940489923082464,0.21637230232715424,-0.03369414587167195,0.1959507884075759,0.043811558800454085,0.1407906514056873,0.1981266404054482,-0.2715354794956504,-0.08367226685567948,-0.1770482970311849,0.2782662262748741,0.13776544848465952,0.17719608413331644,0.22017531824917994,-0.24981489607202115,0.04365105890524684,0.19276047241971886,0.11608174427346013,0.012133559916108183,1.1223150876590966,0.01906310665195917,0.08014298145910162,0.10466127551131384,-0.09034912950890461,0.0961928632152133,-0.2464654610008287,-0.034486430178923805,-0.13152439812178227,0.06839779077281574,-0.28382578495041144,-0.16676346412587445,-0.02730976230357273,-0.10888063391496033,0.3403715389585453,-0.058425146233279476,0.16353750847790172,0.09554714776084643,-0.22548638144992647,-0.08947802781485219,-0.21356917031862502,-0.13157578682666243,0.15172596579111008,-0.20340551178923497,-0.02636844124549928,-0.40319997176133965,0.02559004443961968,-0.2422045180673973,-0.060634221961994805,-0.15487534233395286,-0.1643006923180923,-0.22973197219285213,-0.3137818543501141,0.4013661265740165,0.15361002163501125,-0.24421617838783333,-0.4217398903054852,-0.230707049003948,0.12117557103161758,0.2562485247747667,0.1185960805985605,0.028998763428324865,0.055270071950251916,0.06602120070077852,0.06368611122867096,-0.021654289375892217,-0.05881968092600371,-0.09960407102632511
-0.1275669068067461,0.13142768780282438,-0.12796855584953507,-0.0005565078325690496,-0.04394285273556561,-0.010028462683198569,0.11442462972047691,0.037649711748024395,0.19041547112020052,0.29521721920832505,0.06390681433863138,0.08318138958633237,0.21213130551870252,0.07068123487604372,-0.03505795000713319,0.23549664143501708,0.17458897389928316,-0.0007804882742567659,0.0702702157450682,0.17386190594443418,1.213091843652169,-0.05266907401435722,0.21733755690451317,-0.1325107484721983,0.1554255312115074,0.585009023065207,0.13250852275500083,0.3207728532062167,0.17092552103694042,-0.2142333879317683,0.14593584704942653,0.1612091074632685,0.043049369159970416,0.12877552126172795,0.21753665361024527,-0.01371247431717354,0.3454114115400609,0.22635198576611912,0.020460398329037295,0.13473205706320435,-0.22633764994836572,0.18446916011901393,0.7026691562348012,0.1532806420103714,0.17845326813086598,0.011313856693995301,-0.25198145014065165,0.09539358539188678,0.02413056340713479,-0.15880522127328417,0.15157150490320231,-0.12541402639770008,0.0624581433257642,0.22072352869096473,0.3115929672893215,0.11425447454633827,-0.10808347964308412,-0.17544945343392598,-0.11082098961662723,-0.2156106092022863,-0.22964369669963924,-0.03990273468481702,-0.04959022818663679,-0.06005244554235458,-0.10342376144079315,0.024247004290446045,-0.06951468559682183,-0.1021881979355239,-0.1205263309361382,-0.09746554419207963,0.08009621082659121,-0.3027117119988002,-0.38993066653188313,0.10848173998976604,0.5477262806744999,-0.029345503416334726,-0.13794047129967713,0.06668191595096046,0.18201838200984138,-0.19020006809638607,0.1140370221112243,-0.2736491069503418,0.09513659253059702,-0.06006094925634555,0.052219257927801827,-0.10768287103326123,0.17050992962869252,0.13358634428112331,-0.10726747173477483,-0.09606168396282412,0.0606669783653928,-0.05806042613108467,0.06748462047771671,0.07962003200194896,0.03369512784129551,-0.16406006965981632,0.13232946183787525,0.11737071727221374,0.01543962402043127,0.9882287659142932,-0.2565446784516636,0.186151737093443,-0.1287662024052078,-0.012130175175562752,-0.016111781448361145,0.01954005926465087,0.36222366271373435,0.044787571990533986,0.14438351528454343,-0.05331719581815604,0.10418271596945941,-0.053186525310870744,0.23901500601317396,0.2862914865918697,0.2551540571044915,0.23026997919304565,0.30766748367847535,0.20065848472199782,0.10346757472819028,-0.16349745558515988,-0.05332572904082229,0.4214725772779796,0.15459672952646242,-0.09637882892017137,0.12676411287920974,1.032864717757067,0.29203190987774774,0.05379581850538193,0.29468649159695526,0.004930515765775974,0.07061914399978766,-0.19949050703055987,-0.11257939789824922,-0.16599685486127796,-0.10373155371474127,0.009178164448795833,-0.15033666985357144,0.0069582890143297695,0.16405799213846967,-0.037686950575800335,0.1613384728916708,0.11545955059724418,0.060268398583393154,0.004422409264520751,0.17991400786780787,-0.13981486579566257,0.09226273988949422,-0.2222882355369978,-0.19086384696208877,0.15131045105677726,-0.38089578575685173,-0.22089134750162387,-0.01508910875297604,-0.037830542805751655,-0.13168989146430865,-0.27530261224608193,0.8240596424744653,-0.06285164065860532,-0.07407408164703987,-0.16113779761043084,-0.0974871609394474,-0.13266174426791902,-0.08846324690605928,0.17122686107277837,0.055953601800198594,-0.059718841958134615,-0.05489686408348425,-0.3341040733043863,-0.024996602400291876,0.04112086801488221,-0.13732863937579784,-0.10477094629885783,-0.14078333262218842,-0.14007244988188433,-0.3161905111887159,0.6427437471594757,-0.22438817760354585,-0.042555620085992826,-0.23012836891084193,-0.26466646012574074,0.02547384795835745,0.010948294216369281,-0.16890371879142635,0.17205837974029475,-0.07634862904772399,0.01314615032834974,-0.22689287855048335
-0.06477740693339039,-0.03835401342067598,0.23018405642942255,-0.1949988837719795,-0.1259188450404331,0.06867642969796027,-0.029239213648481047,-0.06423310831341503,-0.05383899486047846,0.1998701700368757,0.14930748355945472,0.054456105042766476,-0.11780071355242813,0.3046425110918536,0.1772252382792403,0.019366793568831392,0.03527678195487354,0.18625240403742183,0.08432555769428046,-0.20766415564850305,0.0042642192155239456,0.09667909885765898,0.04990593977287625,0.28892761155350427,0.6846142039578439,0.1516205161634965,0.39709586167576216,0.1752908164224889,0.15091127421214925,-0.024953723174136536,0.316142113435277,-0.10230431746612718,0.0064453637855494544,0.24199547160978013,0.06955894546446958,-0.17888885822217615,-0.07971255114568526,-0.2613420598069561,0.2509162195302216,-0.03719598642064648,0.05832330799781128,0.17283821704509075,0.055472039023752855,-0.24467113586962405,-0.16513938385965554,0.03711100048796701,0.024296250124193525,0.08089904034960371,0.2843157321979373,0.6372971640193736,0.04376599710849568,-0.012263129315667365,0.05033530021116124,0.05909731358359401,0.1255408019805903,-0.09573233218047117,-0.07568850073472905,0.05201650426710848,-0.08101809467727877,-0.002005452302943439,-0.1535594387409262,-0.3520139214282547,0.06222441678655671,0.1616637463931792,-0.005935866205986559,-0.2746477082665184,-0.1029731643185172,-0.06608616522414244,0.1334435140783574,0.012307060749804283,-0.005517211441696521,0.08001632951878897,-0.031075924920970416,0.017146584429521716,-0.08751516732758893,-0.1708187057623736,0.052291287173606274,0.059930245851116754,-0.29725167607847397,-0.1102313051443868,0.6940116847965363,0.13741890953009,0.15516666266618578,-0.014482740457073887,0.31692523382051746,-0.22334628640871312,0.02879046438817129,-0.009731288420245478,-0.15652717985809447,-0.2516373232930016,0.04582474551589875,-0.19293303061578929,0.07660091166593903,-0.06783636023302105,0.048739300679132146,-0.09000980010172853,-0.011950798471703009,-0.12421257720323008,0.02261849304548695,0.3530037447763231,-0.054536207184485166,-0.03387983051225935,0.40723051959085443,-0.0014810767049916601,0.3197947108546849,0.1803086771264563,0.032743374537794655,0.008063007615921311,0.0805211602323413,-0.02829580081256483,0.09609166584851221,0.671544298631186,0.18580828365112845,0.006765906870827981,-0.0492457445016916,0.0786319158080748,0.16994946677486458,0.04989607559832734,-0.038808743127640766,0.11603983689985418,0.049824310437466,-0.09923910997781304,-0.03913648016643022,-0.005354337338584952,-0.04611729754084615,0.08794414123956643,-0.19674297525755918,0.23067372126969027,0.23760279800012413,0.35916333766689523,-0.22147060020166884,0.17482977964501173,0.1955072494906248,0.055421713067579655,0.019463038316649185,0.17496561612430508,0.10643916307950141,0.032001920391096284,-0.08364512611205559,0.15007913978010848,-0.03288210743515525,-0.26107154574051095,0.9847742030812048,0.04333944705999518,0.05726094025254272,0.12020959063210757,-0.2543110465286998,-0.05736735947926593,0.027321595191213084,0.04414233080506719,-0.23941380712659416,-0.14334660750411732,-0.012897471298640224,0.05026556395063131,0.02738779388065428,-0.1626563741796585,-0.12233659855360073,-0.1596477956741602,0.0334596543629931,-0.0908925882996185,-0.3581640945743671,-0.2264187926721032,0.07262451592973913,0.2037996233472076,0.6492151019136827,0.045716675345818386,-0.13293454335871863,-0.006126388549898998,0.04226584171778555,-0.43324757358889976,-0.18456934335230912,-0.12358624782340719,-0.150008118082878,-0.04066851687971618,0.05538895513471499,-0.10261176778432535,-0.019281640278793623,-0.16957430130161805,-0.28906498049381335,-0.05308918631055628,0.08952082980246442,0.19455658855394295,-0.01578625534112934,-0.050918089283613854,-0.14755921218583512,-0.16270497443779602,-0.17194566524455168
-0.2777764612366649,0.123683796549949,-0.2672302721736875,0.1086650690537885,0.05610185859447693,0.1283994200819716,0.05837804505694891,-0.12551847924712356,-0.044325189082983336,-0.17535544601003494,-0.012559865708119677,0.04061258911404811,-0.009552704442030852,0.13262011467455836,-0.1817425653609015,0.0024026623228596555,-0.02385612697898251,0.275032765971411,0.3817244814468853,0.1629579842306352,0.32599470932363217,0.2537534393558366,0.07438266024763261,0.19373988870636139,-0.045047730388610444,0.10093703661922182,-0.03572457739362557,0.024390006625306493,0.29844355974470216,0.6992012040095407,-0.0021117212838689947,0.02208801688545245,0.017529623512481857,0.009651642430105481,0.18714773635898774,0.2360639127672408,0.21048578234978102,-0.21160012794440788,0.037907388235691356,0.24033366486243915,-0.006143705991039687,0.15154405235116297,0.1568561848740719,0.013654799832554639,0.6967272457432407,-0.08283379677458055,-0.06247401171148766,-0.10011197408198995,0.09538940785839094,0.2276134932131653,0.0660693139053383,-0.14077445427303664,-0.014577932838519513,-0.020122379697545708,-0.12163331935238664,-0.06585591513655857,0.2060806873123924,-0.09267396607072373,0.020110773745915148,-0.11039708438260395,-0.32171041105993975,-0.127215044493528,0.36032898777232125,-0.03183328094781743,-0.07216409483078945,0.061658052070687794,-0.029563819791669874,0.004266401091269148,-0.13017058498653428,-0.09217255466272155,-0.46110740134385186,-0.29826954225403784,-0.2939231249093089,0.07464997756122108,-0.22344209650875657,-0.13318921873043305,-0.09727150697290408,0.535651911952501,-0.2999339049453741,-0.0664025185441456,0.024703058710516715,-0.03294830809038788,0.25070110328173717,0.3010121672797431,-0.19130387927672504,-0.19520354832782813,-0.12211488747656832,0.12131600855723025,-0.033255140871960694,-0.07194084927067165,0.02629933307847923,0.01840287714557336,-0.2500171962796244,-0.11886660204063369,-0.07294583608871728,-0.08105485047696995,0.04954324205348788,0.06239596617971847,0.05805580671829226,0.34120709130373716,0.10276401173185253,0.528614170477295,0.21290251944046376,0.1455240145188486,0.08250464614004846,0.13826569967265268,0.32636056891512427,0.22959131994586507,0.055837245531930826,-0.21732560592273248,0.03710098289546044,0.031708432659648525,-0.06469862442332774,-0.06800071340123946,0.2987151756825564,-0.27747491815377584,0.2579649823651443,0.20664378042908726,-0.4550597949541486,0.17382441831942325,0.246170195177968,1.027555103190227,0.14945378466055453,0.16432232657882145,-0.011728631292802383,0.1322294441576995,0.11967292981519936,-0.0341061362750166,0.31184852741206337,0.16868455560638063,0.2283583341168792,0.1397327054249943,0.07633856903194425,0.046975894627375704,0.07406497394950907,-0.04329544982548325,0.06471687255695904,-0.04183232399849887,0.059269773676945366,-0.008460146992774455,0.09706959433459843,0.09436318907536904,0.13584096042889793,0.024888811837513326,0.15147590952796475,-0.1080185071371482,0.055356483946139456,-0.03366763228070324,0.526589886534345,0.02268563570162574,-0.03022118510318411,-0.12377959965839383,-0.30445281083550724,-0.1615423504710744,-0.23765756608402244,-0.21320281462570684,-0.18707728139946941,0.24884497106729542,0.019252098283027527,-0.24377584729711238,0.01877281344577124,-0.23454015962281105,-0.24555959596198074,-0.019311982174361655,-0.0854101302619538,-0.20531609383580118,-0.18189147204181033,0.172163236819028,-0.07456842794369647,-0.007802969586468825,0.2369943938987082,0.11493906966233167,-0.06448754680746825,1.0634848255161267,0.019880523495124494,-0.06777100393604932,0.022042450013779497,-0.12718732238090885,-0.11650024580385383,0.09304456631813757,-0.1606447788440516,-0.10908585597013135,-0.19818484413598092,0.15514949268318387,-0.2583982461457207,0.030712785661187916,0.09099692547195493
-0.013760934358930698,-0.11153698124764667,0.22436578053086126,0.19783283746397923,-0.07936314593931322,-0.024415200165362687,0.1384185828851741,-0.05367401930068918,-0.11789976351448528,-0.23785395521539554,0.17722970864453452,0.3725760752854974,0.006782902673711455,0.19004194347117315,-0.060490861094827694,0.11473031858457922,0.20669651759148322,0.007004879529125374,0.10672777087744842,0.8951314905855844,0.08575657627523704,0.24739267937486095,0.2847339139789785,-0.023930422179463118,0.08921145294640737,-0.05224154500762493,0.05302585028008479,-0.016734097523220387,0.10329401260307697,-0.1583494582158013,0.08460133513196308,-0.06159567973675874,0.03769481750263982,0.2687139289638776,-0.041796881421856835,0.02269440304490109,0.23110434453220569,-0.01799734760255397,0.08341426675321578,0.20160321728410338,0.03107466553415416,-0.040764644165183016,0.16084496951117253,0.007496980298418186,0.0899687337006514,0.27747293857554894,-0.017451908014352292,1.0722422078690075,0.13674004419208838,0.009833967813613845,0.3252798576463655,0.000285597079430374,-0.045518352428920106,0.062452976430653444,-0.10768870746711624,-0.30321651018171913,-0.29867013084447286,-0.16092639405018766,-0.4078249583768207,-0.14248253117545395,-0.0657215641758537,0.03286880269994148,0.011744239653040653,-0.1866250215664639,-0.08183950709277635,0.12693577300089903,-0.09117195830871808,0.15085751629519314,-0.15820578844945155,-0.2931035991547976,0.026737212932432558,-0.013077383982457308,-0.233929840816912,-0.032117280856430466,-0.2200695808517001,-0.27199553298309354,-0.1708060747639274,0.07277024247485889,0.6819043257334085,-0.12483635152960854,0.23659583816916532,-0.33581033663851206,-0.02454351664127808,0.038260021521673265,0.27217586270338606,-0.11383622101756802,-0.24909114657129758,-0.17419003031263314,-0.4669488309282484,0.15709801877862045,-0.024535228970336467,-0.10477823969166841,-0.043113531711503596,-0.02619583246386205,-0.07598285440414003,0.09441298494337898,0.12995942935814325,0.20518141226302933,0.8665988274748337,-0.03358863151267298,-0.1117553013156364,-0.12590618741352788,0.13134763757213427,-0.0351995354783471,-0.1568070899528571,0.0390042104472949,-0.15699464305047278,0.33364771055697934,0.15465332376355972,0.11644647534388258,0.024518515488561196,0.04202301875197824,0.28922291699894875,0.026508964707163102,0.2096031924176313,0.21274976281152574,0.27503332806657826,-0.01930555734132129,0.23270821846265283,0.05809828141709488,0.17749206236851928,0.17389486304414004,-0.05694578065266616,-0.10381677991576539,0.047874202884952054,0.09859259751842187,0.06156404708168185,-0.037168752225798615,0.08442047392812324,0.0952631930611914,0.9080722827271294,0.2048018560502874,-0.29560702902338676,-0.11863361368203632,0.12534329882525697,-0.09268621177442053,0.02488070587635454,0.0691081681689148,-0.1398965766463526,0.1917465571760632,0.05521019817157311,-0.29882178009181476,-0.03745091490540369,-0.17031894055952163,-0.3714510671007123,-0.22626547040035858,0.16208861619608772,-0.0392717749949375,-0.24963409408827508,-0.05195545444879912,-0.2109702619264494,-0.12013613422770855,-0.29583585570200144,-0.0057107295733979935,-0.03264612050160282,-0.22020828388011748,0.14601220822673727,-0.13676767148979646,0.028953950546296542,0.04144258004311474,0.013475288381075035,-0.19301746669098735,0.020226090413487982,0.0399952893696057,0.9581294735671813,-0.025550369106968618,-0.01155028108080769,-0.3281015270589197,-0.07830184960063699,0.045894316348179115,0.17371782354092746,-0.11585725333595004,-0.2728568358434307,0.023019880197145307,0.13312800949866221,-0.043798198529878776,-0.14724849678845545,-0.11911818307683422,0.12098926655275638,0.24085969409420874,-0.26344915869806984,0.028343306607148615,-0.16981833013969308,0.03507593438882354,-0.07632999381229935,0.21117418616937872,0.13326883397774175
0.026038663206726063,0.3088116020940601,0.5680762433226098,0.779489932209638,0.9430924286826418,1.0532864098674504,1.1445465187209432,1.0566760125224084,0.9697963394323657,0.8769758272324087,0.7857532904449024,0.698495871434432,0.5974498692708645,0.4895200289868267,0.385295565553706,0.3648164885151846,0.3371974759072765,0.32387219976574655,0.2772784441559745,0.19107608756562564,0.24928781891472646,0.12078297394310444,0.12454248792260128,0.043107275069985906,-0.05228696948763388,-0.12345758507864486,-0.19254616628379756,-0.2697966963759164,-0.2992716903405166,-0.3279958329360966,-0.31297533705824754,-0.30617779811805396,-0.3987753588532623,-0.43666213115819724,-0.573706401874582,-0.6513243916714321,-0.7809217063634,-0.8382362964186768,-0.9707156624744763,-1.0674173392140551,-1.109383755857972,-1.1023004161904042,-1.021052692877319,-0.8930862489395627,-0.6965193575545123,-0.43221810679753875,-0.15134461359098428,0.1693499892485454,0.41724039337834445,0.6474457417049833,0.9083862802849378,0.9821402282549465,1.1288783724266649,1.1181054183813837,1.0683108486297066,0.9263894194068182,0.8182556657612847,0.729720844571571,0.6414674724416883,0.5063707417458395,0.429629693177341,0.4104121002154103,0.37067605982732776,0.28489303989948633,0.26621228752199594,0.3129373232961494,0.26144934608510095,0.22896029952875666,0.19214085898714892,0.06478037702465497,-0.07508366627956521,-0.12129061639230745,-0.1952441215944157,-0.26649062164135223,-0.3340496972724404,-0.22795641511698966,-0.35667845239112544,-0.3832749714095465,-0.29149487086976206,-0.4024753310307192,-0.46266445949501345,-0.596477261494371,-0.6794189655778176,-0.8234936912685893,-0.940885958552955,-0.9833857704372598,-1.1550222255240512,-1.1823505275413266,-1.127703542246287,-0.9261382943543855,-0.8270445162844509,-0.5012933777916556,-0.3499870851404011,0.021022271983021354,0.33480200280991806,0.5386344024534189,0.8296878715534934,0.9559904222749092,1.0292229300303835,1.0994895930164663,1.093850760905739,1.054257199520748,0.8758420049742955,0.7613937143686639,0.7162092583676872,0.5680398172888208,0.4673633771038483,0.4304662952046876,0.33179914362551455,0.38826215745453607,0.26627367631304866,0.2882101897365628,0.2853736974755953,0.251344658635046,0.20333892052267466,0.1386037304555331,0.03507191077131955,-0.051134726279124666,-0.11486118896466516,-0.20401007078981376,-0.2386057526871287,-0.31213452280776416,-0.29401932617221493,-0.3098091051589391,-0.3689414830520273,-0.4338739669145149,-0.45579121271988415,-0.5209180063868143,-0.669074314520768,-0.7189525399833202,-0.8411206536281853,-0.981820395717158,-1.0441668909466764,-1.0969565112255706,-1.122125132709684,-1.028414873780081,-0.8895088803727246,-0.6962852201557462,-0.422066405765008,-0.14413827473043833,0.11269283304208272,0.4623883199096403,0.7275273396643254,0.8968326551355231,1.0526290621644758,1.0225579857614109,1.0486847337385978,1.0989747649600463,0.9094688535409424,0.9121330920084258,0.7807451406337452,0.6412286223988055,0.4948801337817724,0.46215492787616164,0.400697011585407,0.3300627799795757,0.3426073137767404,0.2924450616715835,0.3141429021620381,0.20498695834305164,0.22264801240222645,0.10397731198813902,0.09239353242493922,-0.02732169672512029,-0.09427135559545202,-0.14003373430854382,-0.2050374879421818,-0.2575845518227311,-0.2946840140369509,-0.2980654674363504,-0.32014587102011055,-0.38671924126037005,-0.3744039804063806,-0.4584696113773426,-0.5375664006715976,-0.6716174151016209,-0.7924925828272377,-0.9382061411431792,-1.0493917330486828,-1.1301844156143206,-1.0979100131258417,-1.0578148644505596,-0.997269435262808,-0.8294126371171268,-0.5223357357921354,-0.32406238803553084,-0.007836074000701512
-0.06269962686270947,0.2822033559882123,0.6103529365136388,0.8165816975924829,0.9120534204460028,1.0721884450414714,1.0524819772732559,1.1425909315671126,1.0478908769362625,0.884255239921325,0.8202643330350663,0.6964580671830203,0.6153602815739178,0.43729925219559246,0.3828782348817059,0.39837297533986504,0.37033031856698456,0.2526643925155142,0.35074579007213874,0.21665487900214941,0.222008991666237,0.1756002710331502,0.14687860226118338,0.02172180238791075,-0.06339132290956065,-0.11634414821292947,-0.19086460049510628,-0.23124994806774524,-0.2983267367992552,-0.300654835426411,-0.30426553570017206,-0.3470090294082739,-0.3341764123447827,-0.36921477853323703,-0.5259778338239186,-0.6242475425044707,-0.7742853632143654,-0.8942247274784765,-0.9965448664749945,-1.0241633051500232,-1.153073758418006,-1.1045560832660093,-1.0286053385604914,-0.8812213625351526,-0.7279340910977167,-0.3862709500984479,-0.22989760664582998,0.14624170504337744,0.4338203399117411,0.6637641340148223,0.903693440514629,1.048107318380509,1.1500724886696292,1.110624681494263,1.081295827108505,0.9425209314749293,0.8220300167906154,0.7984457330488006,0.6041312951723635,0.52314288608955,0.45593677907141195,0.31552092685806893,0.33055910573420727,0.30814452461569525,0.2863227600825515,0.30169089972916346,0.23258143623816172,0.14608281555555536,0.18050973760068134,0.09625297973935305,-0.01831607661693592,-0.12693919290739056,-0.16751646189693573,-0.1855176250169085,-0.22905931274931188,-0.27475965978398253,-0.3091222278758149,-0.29613709748465494,-0.34665009829844357,-0.39555388585320056,-0.4980590009472845,-0.5576541006544965,-0.6594586740902302,-0.8591529507730842,-0.871275135428721,-0.9875867137357566,-1.0715529239685642,-1.1044666452655036,-1.0710782004849313,-1.0175686811318614,-0.8036646588443946,-0.5848897659535507,-0.28877375211280826,-0.018222918440520253,0.2625721991997958,0.5471997057173477,0.8088977948927848,0.9693965182536363,1.0714539242943146,1.1047521928278725,1.137707886571092,1.0116359156193249,0.9187800517066604,0.7397172335145183,0.7101215168356286,0.5526312283856679,0.4889018682717297,0.37347765780549896,0.38423500858527687,0.3641991521422434,0.3123537595998284,0.2594541212109497,0.2206443305068707,0.14431087681811097,0.19070675902230327,0.12145793938031321,0.006814557472220267,-0.056695394778356535,-0.12803353133768045,-0.19070427892459346,-0.23796158842093948,-0.2849132403669651,-0.2962657130585731,-0.3137763445017464,-0.3375079564588063,-0.4244796831381929,-0.4468487570950578,-0.514150715251317,-0.5812472707202171,-0.7427988408471827,-0.8025381924027196,-0.9404149315961675,-1.095904695956471,-1.078706771092227,-1.0802349936973783,-0.9843024190282856,-0.8969222832901154,-0.686547835807939,-0.48455505766397133,-0.21602974819260018,0.13031910717145795,0.4367517302366276,0.6761816343908369,0.8694988181608091,1.0266342468595508,1.0866196551848855,1.073348987296748,1.091754193680925,1.0044769290532598,0.8322124217289126,0.7823766805559009,0.6453063162509796,0.47673170036567636,0.4385027812991039,0.38911263009820896,0.3553114874954663,0.39722650026126843,0.32555043539187967,0.3037653295466532,0.22278990118541772,0.2034738230275785,0.19355206527307817,0.05476765458804123,-0.02301004939734753,-0.11137853785121798,-0.1516244702055006,-0.19729615022569139,-0.2580057978214178,-0.29192748516293643,-0.28353049909431355,-0.32375675046746727,-0.3950336692170475,-0.4178830952424062,-0.4364038009793372,-0.5451968448502208,-0.6846048947463718,-0.816718873674105,-0.8845788466752235,-1.0319288792467272,-1.1172189819690872,-1.1331626838224111,-1.1265116968829905,-0.9528999601983492,-0.7716767296997509,-0.5425964560168883,-0.2542816361868536,-0.02213149454792165
-0.00836869853370159,0.24081211469793357,0.5485840956118987,0.8196633930156222,0.9548613547562672,1.035481275054584,1.1596545722461882,1.0938203997767726,1.0197038637833384,0.9167666561833122,0.7610723585084691,0.6472265887739421,0.5949433633293597,0.44741000410851317,0.4415089397653224,0.36015846906413934,0.3710234845192991,0.26807825331241614,0.28312978998660754,0.22594766549797304,0.23444690788868205,0.16196575009398267,0.12719579474852438,0.044779600145443396,-0.03257225731429538,-0.12776907721843772,-0.2388346585886163,-0.2289661779658339,-0.31626833278561506,-0.29256366504858416,-0.3786654163949315,-0.3293313710173656,-0.3955028433259758,-0.4360216355509882,-0.4474917980096697,-0.5572121720298838,-0.7160557261125695,-0.8438849306825175,-0.9716211169526144,-1.0977401099390571,-1.0934017592762781,-1.0886592793436478,-1.0192908055096923,-0.8684632133975893,-0.6698261488550068,-0.4123785543263311,-0.1649698796079288,0.1969128524177332,0.41228556485730733,0.6963249298504186,0.9302981245009856,1.004953142139118,1.1057931287173428,1.1046963501556686,1.0525876717580989,0.9797448758912187,0.7794592269376893,0.7031740744498851,0.629800316762023,0.4709128475674751,0.3823874744105728,0.4079361223980611,0.3897327155349344,0.3595908725533496,0.33695298576653165,0.2831143590356606,0.2047366542642004,0.1935702932329308,0.09178568237597774,0.06707797868040341,-0.029782332950492242,-0.06360152909822608,-0.2131928256535043,-0.20634294687242646,-0.30405174286151737,-0.283460895477875,-0.30321303978185976,-0.2962772343020984,-0.4004985353353423,-0.380915729141511,-0.4841394636676993,-0.5928259533981165,-0.6680101597037492,-0.788714227256751,-0.9040019513318632,-1.0242223766141003,-1.068096723392002,-1.1656981283248409,-0.990433566829869,-1.0124993138350984,-0.802372751083061,-0.5436956286235866,-0.3198028748730262,0.08391868747464926,0.3304341655447949,0.5823610771815375,0.775634041897862,0.9155667129460875,1.0313372869313815,1.0784324297240928,1.075150760910164,1.0092953975227723,0.9111095598567523,0.8102064041747751,0.683444527718822,0.5493792334255414,0.47712176623528263,0.44072380102071457,0.37634546000642455,0.3305545407416685,0.35676654254130236,0.29160731652001715,0.28547014154888706,0.14435922755902,0.1296761965745583,0.09925157877203247,-0.04424105476797817,-0.1273422498304142,-0.12701668844614003,-0.1799403814751,-0.2029107217877594,-0.2511237173399801,-0.3460430634265775,-0.309978976539861,-0.3691022682326766,-0.35721207878641065,-0.4566517439156297,-0.4965062791252877,-0.6334172295357536,-0.6869244305374128,-0.8692077851025358,-0.9698059657529498,-1.1060339203769654,-1.13215606970546,-1.1011031427082159,-1.0545031739614144,-0.889833373127988,-0.6891014623966115,-0.4361469720295475,-0.12516850839531035,0.13749001676050526,0.40459120145924965,0.7165790155638319,0.8998325805615108,1.0275921278529145,1.1494173178281675,1.106076003369873,1.075586268740321,0.9742088230139511,0.8522052116280086,0.7016505449685617,0.6086727367753086,0.47924147092873226,0.3960555657659975,0.3360985455539118,0.34585279636372646,0.3096759595977518,0.2849990639396903,0.2202415845321964,0.26799135951943337,0.25021487130971704,0.12111701487160698,0.0366139251592931,0.00026788020135480595,-0.11841198538558825,-0.1950167936613679,-0.24832474955445183,-0.2288747992497919,-0.30967237339227854,-0.3632062619263085,-0.3332572658002132,-0.36640597985407874,-0.38096429449228203,-0.47313391912200664,-0.5686643658034826,-0.6730504185205791,-0.7708613233656859,-0.868397564577844,-0.9943601495487527,-1.0904634509062976,-1.1609887054469157,-1.065637231777258,-0.9667551412914239,-0.7655982672461482,-0.5716489832200858,-0.24151678171715807,-0.008264574370789972
-0.0022050410058182535,0.3124784872272767,0.5927158504229947,0.7928970553370105,0.9340083624979733,1.062814726252225,1.1735658013591133,1.0950857900981208,1.0307332370728948,0.943112854876575,0.7936625977688135,0.6686585309947416,0.6133135086579722,0.47095861619552604,0.41446673938356804,0.38827634221426516,0.3507042163684135,0.3379175201259465,0.26194455488924123,0.3074678494261389,0.22793846828230588,0.21216442957955878,0.09553450890977466,0.009084539096164634,-0.10152031194182798,-0.14336247420138748,-0.21083637499029986,-0.23845661203338558,-0.2943775392006021,-0.2553608930805046,-0.31535355971113554,-0.3724462425748744,-0.35212045778326423,-0.3970989135271328,-0.45445574702187086,-0.636297401591866,-0.7314774420242218,-0.8124361715704994,-1.0025941219755998,-1.0782571635818443,-1.111739276151082,-1.0802991782628815,-1.011272111607172,-0.9140180758187768,-0.6496467938429686,-0.45990678443921595,-0.16114173172745316,0.16109136495751547,0.44235335281225785,0.7225340262247845,0.905801857981234,1.0209221632560275,1.0382792615658014,1.0633547810242594,1.0480992206381048,0.972796328681048,0.8894252778257368,0.7123253581391079,0.6179522948048194,0.5437583114635326,0.40623886481975646,0.3609875568099488,0.39854028966983807,0.25412976730541403,0.33072565375057056,0.24677465454312553,0.26972471889642236,0.17965889286986314,0.14390045129402085,0.039327377140127656,-0.0015045019452223675,-0.10662283972894851,-0.18465148456459918,-0.21902127783819844,-0.26242986645764704,-0.2682275137861725,-0.3295861220033873,-0.35628036596176876,-0.37106540481726263,-0.4176586220491097,-0.44090695830116844,-0.5195037207045448,-0.7055542249662616,-0.8297527260579793,-0.9450168365963333,-0.9631780490482107,-1.1385096824609318,-1.094130997693772,-1.082444262639965,-0.9654630908551654,-0.7898956311857118,-0.5521953581443525,-0.29145340535260605,0.015148438799234805,0.321740867873417,0.5769996930178584,0.7444243912401539,0.937026550597492,1.04757658080085,1.1081229697560628,1.1156875614295014,1.0105434867069043,0.9104265192623588,0.8211850278930842,0.6800110403068945,0.5351495934617381,0.5280388052342105,0.39799464409673085,0.4198972501324626,0.3268382987576578,0.2879441943847066,0.2777737786549615,0.22329527616929445,0.22725417075639048,0.21146737052731654,0.10335798001157567,-0.024455690814731586,-0.10830311173461729,-0.04724794615615119,-0.16609181158885677,-0.30397979382973683,-0.27535032832886575,-0.3439263772367879,-0.31672984543975335,-0.3633298845219639,-0.38914474496764717,-0.3959457238498985,-0.5256406432748925,-0.6139917247497921,-0.730454172080327,-0.886239989879767,-0.9356789388752285,-1.062671300480754,-1.0880637547015364,-1.0990058060983374,-1.0370055008457537,-0.8914609308353981,-0.7301102529377327,-0.4267024810908177,-0.14921935860909866,0.16601016846050123,0.4174776966523693,0.6698036743543756,0.8397559425057298,0.9903288807111993,1.1571720491460824,1.0740384894677093,0.964360095698041,1.0181968251017277,0.8423068451858109,0.7466623571280236,0.6466836328020659,0.47054132716089214,0.4381914365222616,0.3774534159568861,0.3285673144590017,0.34970619881124526,0.2806065587252964,0.26252652028388335,0.2774592587765957,0.1528778407983288,0.08543472158095883,0.050486305743283694,-0.02164022361141902,-0.09219188945463516,-0.15630160778855598,-0.23148389296811894,-0.27337403720357817,-0.29225132224592176,-0.3014061151406365,-0.3504435303089397,-0.3881737270145263,-0.41111792766498656,-0.4373120619194035,-0.6035085146628243,-0.7044119030737997,-0.7791055988868754,-0.9330994417360469,-0.9751823469734182,-1.0660789493083738,-1.0694100175762797,-1.084329607194421,-0.9556475454506115,-0.7813062737172948,-0.5739443005231106,-0.29669252276187413,-0.04445321523373171
0.01265722291770713,0.2595358676812075,0.5902401303866887,0.8173023091732604,0.9567462310954227,1.0820682461762527,1.0834517191168862,1.1018090460416707,1.0067321518824137,0.8942022897297224,0.7616620132538263,0.676429026596268,0.5379620385164515,0.4933423101233059,0.4142906623716123,0.3501174998735519,0.32133902447532725,0.3971865429010931,0.3335153197829973,0.28714067737215593,0.27135564361974723,0.1780520929899313,0.0914691211781358,0.019722112320487064,0.004780403515617232,-0.14762749455316046,-0.20532517591051053,-0.2911737372721194,-0.28538237579402126,-0.2885385808475265,-0.26818345756788536,-0.2451536028032976,-0.3678856826916279,-0.4333317898956232,-0.5398480318267338,-0.6816297322357816,-0.6900413890192195,-0.8246434765561746,-0.9941528464864643,-1.0928869605481901,-1.0891595413326536,-1.107587899756982,-1.0597810967278012,-0.8550677302348897,-0.694857904314579,-0.42022099358197057,-0.13453548749612998,0.1186455134010109,0.4490938479870849,0.6461103156743145,0.9113597915467554,1.0374611538341065,1.1356603650271557,1.1079026672056873,1.0497903856311157,0.9457119943440855,0.8066627257886265,0.7799890991296019,0.5595436523596051,0.5513589666013248,0.44410034145705085,0.3482373509603559,0.352508873944969,0.3067543180077968,0.3283789706569122,0.26344966852172796,0.23809216782536458,0.2228215367041664,0.1758309768553189,0.06676973985639116,-0.06192589416044855,-0.11100243432150576,-0.19898700831824437,-0.2126671696603722,-0.24964329401117222,-0.22999556265160723,-0.32693780753986246,-0.348516388777542,-0.28909477437490194,-0.42634064025939306,-0.4901956450448041,-0.5511110600471768,-0.6342733872857588,-0.8391820195382466,-0.9093180359257395,-1.0351231735348159,-1.0414970257466385,-1.0991683138105475,-1.056476343546572,-0.9797242546831489,-0.8070677506163946,-0.5492445090146508,-0.3317177375511641,-0.05295335487389279,0.2768530628775419,0.5390072541990321,0.8094403509639746,0.945467676566463,1.1246061140384442,1.1048704339363913,1.0899794522574582,1.0034719183736849,0.9037405664214913,0.8200523109429305,0.6657611613286093,0.6166605817437818,0.5198158584861157,0.43014897383225514,0.40671305782534306,0.362527199970617,0.2686973192765927,0.3621247377400344,0.2953253631271512,0.18596282962601274,0.20328877418625502,0.08397453826803133,-0.006012975345038099,-0.021647289733557874,-0.18302866436970772,-0.19638297600802226,-0.254917949080031,-0.26941184682277325,-0.2918860407706589,-0.3578875304839299,-0.31191447366306413,-0.3771450016694852,-0.42019618298380296,-0.5648938757032692,-0.5953297314170528,-0.747019844199457,-0.8727522819166728,-0.93658361306512,-1.0515372798785558,-1.0897015208141143,-1.0711917789611882,-1.0648083290500054,-0.8911501722221664,-0.6857363861005283,-0.46066413797586725,-0.14095296486587988,0.16993722331468522,0.4080485874886439,0.644734088847779,0.8314444879961549,1.0600493918343434,1.0468763230275502,1.0960463514161871,1.0558179567183161,0.9746696047135981,0.8965791994740573,0.7269271465150503,0.5963247866596614,0.5155619632699675,0.4691551170021044,0.4014632762064528,0.3938529853094444,0.3705058189222777,0.3148433140098783,0.25590805277406387,0.26053570984482527,0.21539235996692824,0.16590700803913624,0.03935543332165528,-0.011342540543439333,-0.06597880831392107,-0.17225025845236913,-0.26531922345906384,-0.3207249023391649,-0.26942727778229736,-0.32412500650220943,-0.32294951557282514,-0.39471270779336326,-0.370078946974063,-0.4326639578522673,-0.5448845494814517,-0.663239686617764,-0.7536189066007788,-0.862184977031906,-1.0304790368556038,-1.1038384508361379,-1.129110988326238,-1.0671198371097115,-0.9696246533972228,-0.7671798524871065,-0.580224070249166,-0.23249479707793547,0.01563899011133752
0.025398975685594107,-0.023749521605962845,0.02692332389691511,0.003451351923908264,0.04768793578506407,0.036501804881471187,0.05317632423672318,0.052641646681189196,0.07123961801900794,0.051056284570428385,0.04406310456269118,0.06654891578974517,0.05034000958865803,0.07853337740279843,0.08707488823464296,0.08307719440052308,0.09723794553359051,0.07324067258854164,0.0830383665139757,0.0907851067869067,0.09749726766160985,0.11549681782109267,0.08155453795699892,0.09093634875719812,0.1354639150905194,0.08505200270347531,0.12365245844863712,0.10727345409695929,0.1334065616629958,0.11423404690419739,0.05443125383653468,0.11943954507561896,0.08971704248622903,0.055887983505422734,0.04880982408791876,0.0524778160268543,0.07321724366362735,0.00986408597831704,0.07295171160870319,0.05376982860351013,-0.000956712545041323,0.01753953006322708,0.006706591201811919,-0.018906776063311814,0.006643087511727279,-1.4369245293620558,0.006089443982084608,-0.007535158660812886,0.0006995725285206325,0.0004308528718920471,1.205732237327912,-0.009575348216916982,-0.0604203020655396,-0.02226983738141636,0.001816099012437955,0.03875239786513239,0.07500479595812767,0.20138368517107952,0.38281744913619886,0.5551297831201756,0.6483044715021978,0.7071470914530581,0.7192309361215341,0.5782771880356515,0.4411215904418575,0.2544290190269573,0.13332567797259096,0.05249820983204488,-0.0477788417527992,-0.06346076639690706,-0.05490108892354859,-0.1179752870650254,-0.13696414608644647,-0.12429934739893497,-0.07545757744489728,-0.08958819419922072,-0.1551743205281847,-0.08364524959094605,-0.09160072415327257,-0.07027543391797536,-0.05593520500881394,-0.06785778710047774,-0.08113425722408864,-0.08293400962587799,-0.06710989230152259,-0.06881343471791244,-0.05800611420658776,-0.024746628458875253,-0.05894025535529484,-0.006587399320064413,-1.5835839374037917,0.009435074629328147,-0.052562672430230155,-0.05123526665564589,0.0196237376189518,1.1604490012042816,-0.009161912552181118,0.004280942196786819,0.05679414213659145,0.013435604154211633,0.04332973759778365,0.06929163762552454,0.042246984324163316,0.08084136915977128,0.03789598619523686,0.059208033730135314,0.08843720539544883,0.09600198223881456,0.06341738355078799,0.09828863792197229,0.06556600047352702,0.0476829384698738,0.07887845715978631,0.07816956051562521,0.07886490418051183,0.08980159626087536,0.11247090646734928,0.09367471107540001,0.11693128187104251,0.13278146143057068,0.10830875799207718,0.1100850358385839,0.1122982182291133,0.06739107399600267,0.11064739159306541,0.1025511723151893,0.08309724087085045,0.07446017056153167,0.07715177616533848,0.04773212042372696,0.05686876986162004,0.07076072048075815,0.03660382474851963,0.025700266682882007,0.03661735814767713,-1.4769816300017078,0.0009952848514806038,0.020603882014103736,-0.007314000514792644,0.009807763344126755,1.3284081485940522,-0.036840787961371566,-0.0027137100786284955,-0.019597291267296438,-0.024633466361287472,-0.010773109823085502,-0.04316528615944519,-0.0365421734601709,-0.0808522272811373,-0.05922399023415095,-0.08328621262422259,-0.09562176102194947,-0.09362143105512237,-0.07326456645764241,-0.04687582624952851,-0.0777432464802025,-0.09926763531476471,-0.055846464120488035,-0.09160547040884033,-0.10574694166913062,-0.08410590877918843,-0.09900856657375423,-0.061539581019523365,-0.08287270776327241,-0.11329065621598809,-0.11940585278101673,-0.11059631837161364,-0.12457839201527021,-0.08474968568608823,-0.09870276466860452,-0.08833253314589354,-0.06448462832848695,-0.07811819181979127,-0.08747657679942311,-0.07064411832265075,-0.06180345025456635,-0.09359311610685596,-0.06310355744621263,-0.04633247314956656,-0.05863016157527291,-0.03416647872805741,-0.020502764074972004,0.021234245430717835,0.013425382827208641,-0.036718337997955444,0.004173715533631165,0.01877009142783301
0.0007683614446896207,0.014062054712596365,-0.003359447040320613,0.028940601551014272,0.022177448361371477,0.010712842858105094,0.05406791260884151,0.04308776180395572,0.06953350460115135,0.027509982147251325,0.053964946992624704,0.07720355260192162,0.044530713785813,0.08228569321599219,0.05317978694252667,0.08153128463647502,0.11320156878320758,0.0980233071726375,0.10352690286046612,0.08119528438529527,0.09653208166302704,0.1142751432216011,0.10623569940277344,0.08074117916325435,0.10218753514164682,0.09577320603666074,0.08099719698845076,0.08279611505858682,0.09478647634983907,0.1036359504146532,0.09768281752555277,0.09188685644888414,0.11291098319934459,0.07941946460292879,0.07349446403912525,0.09661580524451521,0.05452425673066467,0.06453194589638034,0.07268473740352004,0.04778116875328245,0.035905972892322245,0.06446632900847205,0.003202367133106534,0.00968557290574483,0.03581698962162588,-1.3683898200209592,0.029813494543031633,-0.01658802771246576,-0.031341001803381605,-0.01627322859162418,1.1178535161661485,-0.01670220938410418,-0.07200127971198708,-0.04228520092624342,-0.012799972840258815,0.008524136695347594,0.08951527940234989,0.20414074024388293,0.37281924769013486,0.5242984659314699,0.6366149648651104,0.7117986699124963,0.705071323230761,0.5809960709219892,0.46897373977575735,0.26456522979972613,0.1541763717553075,-0.02013684284168693,-0.01778489394780702,-0.06678746713174687,-0.10288058930556393,-0.09411918930417364,-0.07857069599230529,-0.09620870786472896,-0.10921498999773376,-0.09849243904016275,-0.09435283473245193,-0.07729600421925767,-0.1167002860132022,-0.06891981859059293,-0.09162853722489583,-0.05990710713228822,-0.04480382094475416,-0.06273872695878954,-0.059477084878322616,-0.0440249002619194,-0.0507484768346937,-0.009315898902903581,-0.050163954637874444,-0.031126635729486225,-1.4086358390200222,-0.03178288766617321,0.011665181525586252,-0.005305987643482239,-0.01664091051197713,1.193641156471071,0.028982224082611623,0.04386230976034814,0.021863452297001852,0.0666863926850819,0.06159173030362089,0.04683732407066612,0.07081618389976688,0.06129013255854967,0.08852737923180301,0.07916181732526535,0.045104835356565544,0.10175965661459203,0.10003396893539798,0.08047561592013712,0.07192520465950997,0.11637296557969033,0.08095143228513063,0.1342312205993685,0.10742226494875916,0.08276604068782094,0.07355066003853758,0.07954817017447682,0.0980465694194154,0.07529985339724496,0.09049746765829451,0.10336912139875985,0.09098448535082415,0.10660166264761886,0.09390712406752791,0.08461510199046103,0.03471529579488745,0.06268032673908315,0.09794963876508175,0.05593642374551507,0.06489306636119224,0.045830345961803395,0.02530529150009775,0.03932663274321019,0.029545936480016396,-1.5551027500177665,0.001802224197461063,0.016549383872414968,-0.012244544339554946,0.015743342142443637,1.3463950780018723,0.012569776028141355,0.002390574675392259,-0.02141700433500442,-0.02010063173700003,-0.07000539496832009,-0.05373898747525367,-0.06552268652588415,-0.08314222217026995,-0.04532274794576869,-0.10027756387133442,-0.0605525999237342,-0.12754280147374744,-0.08261322051739442,-0.10415981887386282,-0.09857792145584673,-0.0687617550345722,-0.10169870594054077,-0.10845727934317471,-0.09272543067615185,-0.12694324038650076,-0.08559216626861303,-0.08827142262335663,-0.07210195823778914,-0.06100262120210683,-0.09314710200610982,-0.1017976211059633,-0.092337931864791,-0.10478179662234653,-0.052184481132407326,-0.0792112658918639,-0.10547459452633928,-0.06415180831682149,-0.08008187041895991,-0.07002394442716564,-0.07185374512058175,-0.05212200012618749,-0.05246880548803781,-0.021098345925743146,-0.029066217976496788,-0.07537650037948457,-0.031175910789415527,-0.01892081891732863,0.0032138794329300523,-0.04626523696892739,0.01031365069896163,0.0062006618821870115
-0.03348029662537997,-0.03513100085507534,0.021114371839508723,0.007987311219932161,0.010816978315543957,0.07485964817904014,0.041882013012533165,0.052133511330467355,0.06466114071926427,0.07085842369030472,0.059885218153220156,0.05612033360129669,0.07539611562294173,0.08306828806904175,0.10309920311014398,0.0792533279592394,0.09023326552705455,0.09129344426415556,0.10518255440262785,0.07811084137218542,0.08006484780408381,0.10621867728959912,0.10822040213184392,0.13622114585460857,0.08402892152417218,0.08798164997294683,0.11846732081817869,0.1263909744599139,0.08205577975283314,0.13946246801047857,0.08550577464572647,0.09290695281744137,0.08714310814190304,0.055711345945616386,0.07061396018226974,0.05743321628800706,0.038947040616944734,0.06084186900376773,0.06435457980116968,0.027951171597324666,0.016169693901893736,0.05001611272100267,0.051885999209886034,0.01725011678111011,0.008315744666392883,-1.673691021885031,-0.010115482369308877,0.0056126522954692845,-0.010860672077727535,-0.02301240754656675,1.225590659543434,-0.01830886140173943,-0.047737917011991524,-0.024377061203555442,-0.0011522742990433214,-0.00418657520645669,0.10316514701040072,0.22149206047890088,0.3632111273691695,0.5308832898258512,0.6558558368374193,0.7172872121471133,0.6936389728501837,0.6059040223407093,0.42749368746756394,0.2534195634530282,0.1043796809152223,0.041618179775482815,-0.022724365872342007,-0.050860544616049136,-0.07628086620551361,-0.09119016996906987,-0.0864212427159089,-0.11359577421085759,-0.10235537250859916,-0.10867450229267389,-0.061666650285917966,-0.07575792835044863,-0.10219286097048114,-0.09949386824769892,-0.08026940618396057,-0.08415457919830696,-0.056295292359524636,-0.06530701191878613,-0.08138701676611251,-0.06360292909043007,-0.01529988028273431,-0.024348189805747128,-0.009833525964319717,-0.03151776103119885,-1.444707896866377,-0.053990595012875356,0.0009858702810180593,0.02810135111637,0.0005341552232951893,1.1766800957756145,0.027336434662178298,0.004406595237218931,0.03195468018491535,0.02460398719058575,0.030487422724619594,0.09449955941030354,0.048045101444813526,0.07101545291023323,0.03776424665154413,0.06199637885259654,0.08742923163282285,0.08466693828421439,0.12337505718912692,0.12397387521724644,0.04179886635924881,0.11659514622710732,0.12422604437917144,0.09331977866450758,0.11948164603113116,0.1031119532587017,0.1076577692080316,0.09196148217257305,0.07743248132291897,0.11085760026575572,0.12003453047244289,0.12732312569923293,0.09583698123823639,0.09070888369669328,0.11402530396189273,0.09328438114219956,0.10928667124231668,0.06394219218337215,0.04339605931650302,0.067301464285006,0.06101981628490488,0.05130332968654041,0.07676336130962683,0.0359597755173475,0.005924685387647063,-1.5399927299925749,0.012769326607671537,0.022024546529612443,0.0062947297808991914,-0.007036211430448038,1.3368127121406777,-0.03546604793779123,-0.03025694926518225,-0.035375248257721446,-0.024509249995323137,-0.03888713509380779,-0.030889879712656127,-0.08102836560086663,-0.08657073287481197,-0.05905723531727722,-0.04196239609149611,-0.09553121457959787,-0.0725783183082756,-0.12463805013256556,-0.10094830582850617,-0.08288240771732662,-0.09909547010975028,-0.09570025758114904,-0.09811369951022678,-0.10481551302680245,-0.08788307383609578,-0.09534008957063524,-0.13127951326826703,-0.07690103128274872,-0.11105202360130033,-0.07943451055979589,-0.06076783708857652,-0.08471781259410904,-0.07039943455771605,-0.10360474054862483,-0.059207842197931945,-0.04809637522649031,-0.04847723629625622,-0.07880619824676387,-0.07930837348030301,-0.06036522919550936,-0.06404945501612148,-0.07614745921155343,-0.07355351357816048,-0.05647669039510667,-0.03858599635060131,-0.03215128151161768,-0.014038172916372741,-0.0077955068412708835,0.005101717715849356,-0.004019270193851084,-0.018656762679121707
-0.007879976868909604,0.003811648521326791,-0.021232754583113786,0.05329180806381373,0.057180221467756996,0.0506187730801385,0.02965122492159101,-0.015835868597483628,0.0661908651863087,0.032317189456561736,0.0926159390399582,0.06383239406545041,0.07634774899758691,0.09474243987598681,0.05899674784869027,0.09012468880722342,0.08892638186694361,0.06758911314211245,0.07447734992172131,0.11443182500061055,0.12496608066070578,0.1112272447232628,0.08164933583200176,0.09039971546013706,0.08860610673754826,0.11055739774545802,0.08467623241292781,0.10595962822775054,0.11394524687436942,0.1019191929344868,0.07449587966666918,0.08462562247285345,0.09091069377197358,0.1275437085065426,0.07869375670856649,0.07129957396388495,0.09221062999208768,0.10269133825928375,0.08897772747876703,0.006588475643112365,0.047677095499250415,0.04042237096077576,0.021758960262042895,-0.0034974914547602973,0.010821459697189374,-1.6532912283851986,0.0075636436095840275,-0.01645469669799136,-0.03179416611243282,2.18524846032353e-05,1.1682850616136091,-0.004513326438637555,-0.03152132487778329,-0.050595921230294744,0.0026625947421729575,0.04422241077751345,0.09183578376343454,0.20630495016526731,0.3801907084782085,0.5457483921272226,0.6532169519564434,0.6872868847723818,0.7119216412322064,0.5850245532871771,0.43828856056984666,0.25932400937554173,0.12306545962433019,0.026465417506861967,-0.04220571398789693,-0.08744879810397338,-0.11604615531999748,-0.10564492230248383,-0.12399376684409036,-0.14331796996211424,-0.12681328804881817,-0.056602738661911886,-0.10398900102888019,-0.1411824064897908,-0.09809841982793271,-0.11892261954093167,-0.05144508041297027,-0.05606398830250037,-0.08551994545572669,-0.0897505575861651,-0.03829698574720754,-0.04357745344783156,-0.0958687976631389,-0.04569829271177543,-0.04961953690612608,-0.006676140657805654,-1.6075207431914054,-0.015214954973441303,0.010692754277800302,-0.0018934921121181532,-0.019187564774852135,1.2029043624588442,0.027249509169447426,0.05912660542419611,0.011178936247914759,0.042127518059346045,0.027058606598962982,0.020868425977645377,0.09979831416518387,0.06360647190214234,0.11117428156621342,0.06215688190858291,0.09210059400393075,0.1034875017724356,0.09183714896005159,0.10291971995666778,0.10748879255189499,0.12239845305161857,0.11806091362424402,0.10186081811776632,0.11160975382674658,0.12110955021128059,0.05303377794769882,0.07117555370573825,0.12327889712734616,0.07949216577160509,0.10831821680385838,0.1026501912038355,0.08336410748105781,0.08409047322008494,0.10595576399107003,0.043388927582027385,0.06737540334743437,0.055270368381540744,0.10710883250811544,0.04239667293544075,0.06978540601313918,0.056833265428251394,0.05821228296715647,0.0394159243701949,0.025194043008262647,-1.4318145597631369,0.01197317760045126,0.009895478641635237,0.022748265747121667,0.047450173055134326,1.1801720320617466,-0.03256454606831323,-0.05287667789862738,-0.06553450200191681,-0.014921104870997291,-0.027478671926742426,-0.028695503525367268,-0.04785942760114617,-0.02253196454376765,-0.07577915523621218,-0.06500544507467482,-0.06819943689135877,-0.07443911249719741,-0.08183738304445695,-0.09153050468811957,-0.12593909817492346,-0.11810033004373775,-0.08964921408678032,-0.12431513187286704,-0.0858599967985623,-0.10411269390359992,-0.11983921397198695,-0.06963056435601908,-0.07934172990164107,-0.09145541440555487,-0.14647650952956748,-0.04462877260848513,-0.12957359400776566,-0.08602572279691181,-0.10551835714565498,-0.09633743718756788,-0.04833003283669354,-0.05144207257490109,-0.03138128495366159,-0.10309196517872501,-0.07174747028056534,-0.066741956224973,-0.07700847567026146,-0.05997148789221074,-0.02971103596773707,-0.06676996916653619,-0.013629890898580882,-0.04468108238752827,-0.039289289546642105,-0.03543588036560763,-0.0064995275575344446,0.014716560370758316
-0.006152240281890362,-0.012229774728276483,0.030948268603808827,0.014047890188483611,-0.018505358312386658,0.036151512224589136,0.04095765928894704,0.0485742187488206,0.05547729167100507,0.0680506459016803,0.05529336211996091,0.06690221221466311,0.07014914103434927,0.07017935097390361,0.09894021986974676,0.10852600116719856,0.11721955570633498,0.07286767315429969,0.09868841081037014,0.0723326200802421,0.09232498339515953,0.08178244147931026,0.09897111456005656,0.06730113965374172,0.11623714583589022,0.10651245283917418,0.09976535290432226,0.09506054111338987,0.12728708498846286,0.10980461919047979,0.04322588362002298,0.09485135587507272,0.11380142746612917,0.08417929505534522,0.08688391836349896,0.060741513786662704,0.11650216550572559,0.0763010192631346,0.04696144865552157,0.06977538711967354,0.022437199483210938,0.02296012970480826,0.013757108960689237,0.001876714241454306,-0.016022775622639315,-1.3875606244100314,-0.009129356701995883,0.024467442150868837,0.016124546404247986,-0.015735173440454064,1.287914369587345,-0.030252577525631583,-0.003741881200490734,-0.004231327177968099,-0.002717920068507713,0.03503427605133941,0.11568860672538644,0.22789031479634178,0.35093524711038343,0.5079363378685225,0.6804666513433408,0.6826977803424583,0.6765288655589982,0.5830271209850628,0.43547982183245176,0.27834506255843694,0.12694749000465944,0.06753355862975163,-0.03746587290369668,-0.050831274511189586,-0.1117266833572039,-0.07333553517024502,-0.10362252171855243,-0.09053544470113807,-0.08125284540033842,-0.09677654773961188,-0.07836432075892223,-0.09881137859317392,-0.06908804207782643,-0.08857221969513372,-0.05021413634581872,-0.054094462272248456,-0.05027993386645155,-0.0480262739459209,-0.07042044249394512,-0.059294210757384405,-0.08390187871157438,-0.03943829723822317,-0.02760976483824832,-0.030385768639648366,-1.4102333904881381,0.020152287389612288,-0.04113254731781678,-0.02700833117637589,0.017744326309153905,1.2740078007130022,0.030487225019391204,0.014189120812030047,0.02798353515775178,0.029583308414821912,0.041406364965785133,0.10911269184864236,0.0581154034276548,0.05469250662346217,0.06265466603178979,0.0782224975383045,0.10705436750236705,0.07865721089429249,0.09598504259862355,0.05697105965515896,0.10314407901056243,0.1117346495581227,0.12724649418352374,0.08678824453179214,0.08990752574843619,0.08831536456980589,0.09646630492135551,0.13934104923515084,0.0917007475500648,0.1256725135107044,0.07402959669894557,0.11238871689762885,0.08285959532151892,0.10080656359781355,0.11182933461316034,0.09904554571689393,0.057209129198628486,0.042712886372750024,0.07727751118315922,0.061247499039593166,0.028517904521054016,0.029770658754832875,0.023851692455376577,0.03833967999524939,0.054079796653769184,-1.200554337817271,0.004817346004061838,-0.0012392251129009178,0.03392212641739866,-0.0023201525950861963,1.1672516370033894,-0.01821825090403681,-0.01513258185714188,-0.03653441351872616,-0.017056900153838147,-0.02045956348890585,-0.052478255414163684,-0.031139342382855456,-0.02711731968992683,-0.05502609859146064,-0.06691189430518303,-0.059499515155620866,-0.036432194014363435,-0.057029946466868986,-0.05808121589345318,-0.09169478751652997,-0.08033650690526162,-0.10165697849210384,-0.06442821759029563,-0.08225355887044022,-0.10640002532685591,-0.07898817455795834,-0.10823305400811022,-0.10635317952124111,-0.07303225178926913,-0.13897956240965675,-0.08378813906453199,-0.09280671706082957,-0.07262955195419175,-0.0779748247472494,-0.10316270214175662,-0.10613040685028483,-0.049696918601989125,-0.059258275848134916,-0.0668852036317401,-0.0822592988215255,-0.08783910665553195,-0.04052856206644122,-0.04392593023217478,-0.026543009373667218,-0.06985878252318355,-0.041205911401525144,-0.03648012712171291,-0.02431772450946252,0.003663983970407894,-0.049265901553375145,-0.03280013457348792
